{
    "weight_model": {
        "w1": 0.6672837558179038,
        "r1": 0.0044582596102839475,
        "w2": 0.061672155374645786,
        "r2": 0.004938179265702418,
        "volume": 0.18354256139561728,
        "delta_weight": 0.007135670972889018,
        "delta_reps": 0.005813272655108915,
        "session_gap": 0.015356132601230976,
        "exercise_Back Extension (Weighted Hyperextension)": 7.432050200685992e-07,
        "exercise_Behind the Back Curl (Cable)": 3.5851745001076298e-06,
        "exercise_Bicep Curl (Barbell)": 4.232880482807721e-07,
        "exercise_Bicep Curl (Cable)": 9.670846451907849e-05,
        "exercise_Bicep Curl (Dumbbell)": 1.2553964392560987e-05,
        "exercise_Bulgarian Split Squat": 1.900369833781435e-05,
        "exercise_Butterfly (Pec Deck)": 0.0004644732848292965,
        "exercise_Cable Crunch": 9.608548627967892e-06,
        "exercise_Cable Fly Crossovers": 4.008385742237157e-05,
        "exercise_Chest Press (Machine)": 0.0006370027076527131,
        "exercise_Concentration Curl": 2.534433254468083e-06,
        "exercise_Cross Body Hammer Curl": 8.107512738909826e-06,
        "exercise_Crunch (Machine)": 7.985061425919408e-05,
        "exercise_Dead Hang": 0.0,
        "exercise_EZ Bar Biceps Curl": 4.172979204824139e-05,
        "exercise_Elliptical Trainer": 0.0,
        "exercise_Face Pull": 0.0003069410761902898,
        "exercise_Hammer Curl (Dumbbell)": 0.00011653830764814737,
        "exercise_Hanging Knee Raise": 0.0,
        "exercise_Incline Bench Press (Barbell)": 4.714218138539711e-05,
        "exercise_Incline Bench Press (Dumbbell)": 2.195100365536405e-05,
        "exercise_Lat Pulldown (Cable)": 5.5250875195255157e-05,
        "exercise_Lat Pulldown - Close Grip (Cable)": 0.00017698898602929987,
        "exercise_Lateral Raise (Dumbbell)": 1.350964114868718e-05,
        "exercise_Leg Extension (Machine)": 0.0002626755409549397,
        "exercise_Leg Press (Machine)": 0.022414538229049076,
        "exercise_Leg Raise Parallel Bars": 0.0,
        "exercise_Lying Leg Raise": 0.0,
        "exercise_Mountain Climber": 0.0,
        "exercise_Overhead Triceps Extension (Cable)": 4.311741619625266e-05,
        "exercise_Plank": 0.0,
        "exercise_Preacher Curl (Dumbbell)": 5.083953451006183e-06,
        "exercise_Pull Up": 0.0,
        "exercise_Push Up": 0.0,
        "exercise_Rear Delt Reverse Fly (Machine)": 8.278259848699096e-05,
        "exercise_Reverse Curl": 7.909201756356538e-05,
        "exercise_Romanian Deadlift (Barbell)": 7.2175195921038656e-06,
        "exercise_Romanian Deadlift (Dumbbell)": 2.173598975737522e-05,
        "exercise_Seated Cable Row - Bar Grip": 9.255247214411816e-05,
        "exercise_Seated Cable Row - Bar Wide Grip": 5.270506820911967e-05,
        "exercise_Seated Cable Row - V Grip (Cable)": 1.6972454564924106e-05,
        "exercise_Seated Calf Raise": 0.00010622493059561572,
        "exercise_Seated Incline Curl (Dumbbell)": 1.932733214743392e-06,
        "exercise_Seated Leg Curl (Machine)": 0.0010969618454543415,
        "exercise_Seated Overhead Press (Dumbbell)": 7.402117687050499e-07,
        "exercise_Seated Shoulder Press (Machine)": 1.3538871327831453e-05,
        "exercise_Shoulder Press (Dumbbell)": 1.4292892317466685e-05,
        "exercise_Shrug (Dumbbell)": 0.0007514766982316398,
        "exercise_Side Bend": 0.0,
        "exercise_Side Bend (Dumbbell)": 3.724542575315385e-05,
        "exercise_Single Arm Curl (Cable)": 2.656379994550006e-06,
        "exercise_Single Arm Lateral Raise (Cable)": 1.9558681491279785e-05,
        "exercise_Single Arm Overhead": 1.2386160373499909e-05,
        "exercise_Single Arm Tricep Extension (Dumbbell)": 4.3800958956008545e-06,
        "exercise_Single Arm Triceps Pushdown (Cable)": 5.687959494934053e-05,
        "exercise_Skullcrusher (Barbell)": 1.444133942257345e-05,
        "exercise_Skullcrusher (Dumbbell)": 1.655970441550208e-05,
        "exercise_Spider Curl (Dumbbell)": 1.7530781840977743e-06,
        "exercise_Squat (Barbell)": 0.002081454379586863,
        "exercise_Squat (Machine)": 1.6828365142470837e-05,
        "exercise_Standing Calf Raise (Machine)": 0.019804759522843093,
        "exercise_Straight Arm Lat Pulldown (Cable)": 0.00019050855860795423,
        "exercise_Stretching": 0.0,
        "exercise_T Bar Row": 2.036699597233745e-06,
        "exercise_Treadmill": 0.0,
        "exercise_Triceps Extension (Cable)": 7.103216583621125e-05,
        "exercise_Triceps Extension (Dumbbell)": 9.040535861434472e-06,
        "exercise_Triceps Pushdown": 0.00010030768954302382,
        "exercise_Triceps Rope Pushdown": 0.00013949310123997037,
        "exercise_Walking Lunge (Dumbbell)": 3.187680965913714e-07
    },
    "reps_model": {
        "w1": 0.019817394452797128,
        "r1": 0.5442188318567375,
        "w2": 0.014687935235427605,
        "r2": 0.15669468791181407,
        "volume": 0.07160451879184977,
        "delta_weight": 0.02256117992953435,
        "delta_reps": 0.01946617508166424,
        "session_gap": 0.04030631120085998,
        "exercise_Back Extension (Weighted Hyperextension)": 5.324709786882471e-05,
        "exercise_Behind the Back Curl (Cable)": 7.179047415581084e-05,
        "exercise_Bicep Curl (Barbell)": 4.426604463382927e-06,
        "exercise_Bicep Curl (Cable)": 0.0025264981566591243,
        "exercise_Bicep Curl (Dumbbell)": 0.0011906615320858738,
        "exercise_Bulgarian Split Squat": 0.00044750214982235424,
        "exercise_Butterfly (Pec Deck)": 0.0005996419866572416,
        "exercise_Cable Crunch": 0.0004136447245131129,
        "exercise_Cable Fly Crossovers": 0.007833310871434723,
        "exercise_Chest Press (Machine)": 0.0004075591687237654,
        "exercise_Concentration Curl": 0.00019539880171941693,
        "exercise_Cross Body Hammer Curl": 0.0002152796314083305,
        "exercise_Crunch (Machine)": 0.0007880437626963457,
        "exercise_Dead Hang": 0.0,
        "exercise_EZ Bar Biceps Curl": 0.0008559390264209428,
        "exercise_Elliptical Trainer": 0.0,
        "exercise_Face Pull": 0.0031573693470668533,
        "exercise_Hammer Curl (Dumbbell)": 0.0016826154664820547,
        "exercise_Hanging Knee Raise": 0.0022206772989680386,
        "exercise_Incline Bench Press (Barbell)": 0.00034897377437563646,
        "exercise_Incline Bench Press (Dumbbell)": 0.001708829000507704,
        "exercise_Lat Pulldown (Cable)": 0.003929475821253686,
        "exercise_Lat Pulldown - Close Grip (Cable)": 0.0021524016238416996,
        "exercise_Lateral Raise (Dumbbell)": 0.0034315305409640317,
        "exercise_Leg Extension (Machine)": 0.0009875211514231272,
        "exercise_Leg Press (Machine)": 1.2030302133578195e-05,
        "exercise_Leg Raise Parallel Bars": 0.00034847519486254304,
        "exercise_Lying Leg Raise": 0.0008900581745797047,
        "exercise_Mountain Climber": 0.0006922578484008798,
        "exercise_Overhead Triceps Extension (Cable)": 0.00038002029536775045,
        "exercise_Plank": 0.0,
        "exercise_Preacher Curl (Dumbbell)": 0.00019836666964519192,
        "exercise_Pull Up": 0.04230254808326695,
        "exercise_Push Up": 0.003520928575410628,
        "exercise_Rear Delt Reverse Fly (Machine)": 0.00032943250819950494,
        "exercise_Reverse Curl": 0.002729167178700047,
        "exercise_Romanian Deadlift (Barbell)": 2.8939920770304033e-05,
        "exercise_Romanian Deadlift (Dumbbell)": 0.0008383364905814686,
        "exercise_Seated Cable Row - Bar Grip": 0.0010041177710877589,
        "exercise_Seated Cable Row - Bar Wide Grip": 0.00046442297364163377,
        "exercise_Seated Cable Row - V Grip (Cable)": 5.922565194965055e-05,
        "exercise_Seated Calf Raise": 0.00022662819158723917,
        "exercise_Seated Incline Curl (Dumbbell)": 0.000718795253900426,
        "exercise_Seated Leg Curl (Machine)": 0.002273170529641972,
        "exercise_Seated Overhead Press (Dumbbell)": 7.503116416556154e-06,